gender,name.title,name.first,name.last,location.street.name,location.city,location.state,location.country,email,order
male,Mr,Jesus,Jenkins,Station Road,Waterford,Roscommon,Ireland,jesus.jenkins@example.com,1
female,Ms,Patricia,Watts,Albert Road,Dundee,Cambridgeshire,United Kingdom,patricia.watts@example.com,2
female,Mrs,Astrid,Hansen,Ellemosevej,Jerslev Sj,Danmark,Denmark,astrid.hansen@example.com,3
male,Mr,Elias,Christensen,Fuglevænget,Branderup J,Hovedstaden,Denmark,elias.christensen@example.com,4
male,Monsieur,Louis,Nicolas,Rue Principale,Villeneuve (Vd),Bern,Switzerland,louis.nicolas@example.com,5
female,Mrs,Astrid,Hansen,Ellemosevej,Jerslev Sj,Danmark,Denmark,astrid.hansen@example.com,6
male,Mr,Same,Burns,Queens Road,Carlisle,Shropshire,United Kingdom,same.burns@example.com,7
female,Miss,Josefa,Peña,Avenida de La male,Mr,Elias,Christensen,Fuglevænget,Branderup J,Hovedstaden,Denmark,elias.christensen@example.com,,8
male,Mr,Cesar,Delgado,Calle del Barquillo,Torrevieja,País female,Mrs,Astrid,Hansen,Ellemosevej,Jerslev Sj,Danmark,Denmark,astrid.hansen@example.comaggenau,Schleswig-Holstein,Germany,eckhard.mehner@example.com,10
female,Miss,Ceyhan,Erkekli,Tunalı Hilmi Cd,Şanlıurfa,Sivas,Turkey,ceyhan.erkekli@example.com,11
female,Mrs,Astrid,Hansen,Ellemosevej,Jerslev Sj,Danmark,Denmark,astrid.hansen@example.com,12
male,Mr,Elias,Christensen,Fuglevænget,Branderup J,Hovedstaden,Denmark,elias.christensen@example.com,,13
male,Mr,Floyd,Fox,Dane St,Mackay,Tasmania,Australia,floyd.fox@example.com,14
female,Ms,Sophie,Park,Peel St,Maidstone,Ontario,Canada,sophie.park@example.com,15
female,Mrs,Astrid,Hansen,Ellemosevej,Jerslev Sj,Danmark,Denmark,astrid.hansen@example.com,16
female,Ms,Filippa,Poulsen,Lyngbyvej,Ugerløse,Syddanmark,Denmark,filippa.poulsen@example.com,17
female,Miss,Catherine,Stanley,Albert Road,Londonderry,Kent,United Kingdom,catherine.stanley@example.com,18
male,Mr,Sales,da Luz,Rua Vinte E Um,Camaçari,Pernambuco,Brazil,sales.daluz@example.com,19
male,Mr,Louis,Harris,Adams St,Queanbeyan,South Australia,Australia,louis.harris@example.com,20
female,Mrs,Astrid,Hansen,Ellemosevej,Jerslev Sj,Danmark,Denmark,astrid.hansen@example.com,21
male,Mr,Elias,Christensen,Fuglevænget,Branderup J,Hovedstaden,Denmark,elias.christensen@example.com,22
male,Monsieur,Louis,Nicolas,Rue Principale,Villeneuve (Vd),Bern,Switzerland,louis.nicolas@example.com,23
female,Miss,Lena,Black,Rolling Green Rd,St. Petersburg,Pennsylvania,United States,lena.black@example.com,24
male,Mr,Same,Burns,Queens Road,Carlisle,Shropshire,United Kingdom,same.burns@example.com,25
female,Miss,Josefa,Peña,Avenida de La Albufera,Sevilla,Melilla,Spain,josefa.pena@example.com,26
male,Mr,Cesar,Delgado,Calle del Barquillo,Torrevieja,País Vasco,Spain,cesar.delgado@example.com,27
male,Mr,Eckhard,Mehner,Mozartstraße,Gaggenau,Schleswig-Holstein,Germany,eckhard.mehner@example.com,28
female,Miss,Ceyhan,Erkekli,Tunalı Hilmi Cd,Şanlıurfa,Sivas,Turkey,ceyhan.erkekli@example.com,29
female,Mrs,Hilla,Seppala,Suvantokatu,Lappeenranta,Northern Ostrobothnia,Finland,hilla.seppala@example.com,30
male,Mr,Helmer,Klepp,Vestre Haugen,Vestnes,Oslo,Norway,helmer.klepp@example.com,31
male,Mr,Floyd,Fox,Dane St,Mackay,Tasmania,Australia,floyd.fox@example.com,32
female,Ms,Filippa,Poulsen,Lyngbyvej,Ugerløse,Syddanmark,Denmark,filippa.poulsen@example.com,33